{"cameraMode":{"drawMode":0,"name":"Shaded","section":"Shading Mode"},"sceneLighting":false,"audioPlay":false,"sceneViewState":{"showFog":true,"showMaterialUpdate":false,"showSkybox":false,"showFlares":true,"showImageEffects":true,"showParticleSystems":true},"in2DMode":false,"pivot":{"x":-0.38999998569488528,"y":2.688999891281128,"z":-4.583000183105469},"rotation":{"x":-0.1729009747505188,"y":0.6949856877326965,"z":-0.1780574917793274,"w":-0.6748491525650024},"size":4.041658401489258,"orthographic":false}