{"cameraMode":{"drawMode":0,"name":"Shaded","section":"Shading Mode"},"sceneLighting":false,"audioPlay":false,"sceneViewState":{"showFog":true,"showMaterialUpdate":false,"showSkybox":false,"showFlares":true,"showImageEffects":true,"showParticleSystems":true},"in2DMode":false,"pivot":{"x":-1.2190515995025635,"y":-1.5361509323120118,"z":-9.732060432434082},"rotation":{"x":-0.006321959663182497,"y":0.993492066860199,"z":-0.08996716886758805,"w":-0.06985843926668167},"size":11.5015230178833,"orthographic":false}