{"cameraMode":{"drawMode":0,"name":"Shaded","section":"Shading Mode"},"sceneLighting":false,"audioPlay":false,"sceneViewState":{"showFog":true,"showMaterialUpdate":false,"showSkybox":false,"showFlares":true,"showImageEffects":true,"showParticleSystems":true},"in2DMode":false,"pivot":{"x":3.787254810333252,"y":-1.6579349040985108,"z":5.302805423736572},"rotation":{"x":-0.4123520851135254,"y":0.5069983601570129,"z":-0.30103418231010439,"w":-0.6944950819015503},"size":12.754162788391114,"orthographic":false}