{"cameraMode":{"drawMode":0,"name":"Shaded","section":"Shading Mode"},"sceneLighting":true,"audioPlay":false,"sceneViewState":{"showFog":true,"showMaterialUpdate":false,"showSkybox":true,"showFlares":true,"showImageEffects":true,"showParticleSystems":true},"in2DMode":false,"pivot":{"x":-7.175401210784912,"y":4.653077602386475,"z":-11.107000350952149},"rotation":{"x":-0.3622625768184662,"y":0.27266764640808108,"z":-0.11170373857021332,"w":-0.8842918276786804},"size":7.00889778137207,"orthographic":false}