{"cameraMode":{"drawMode":0,"name":"Shaded","section":"Shading Mode"},"sceneLighting":true,"audioPlay":false,"sceneViewState":{"showFog":true,"showMaterialUpdate":false,"showSkybox":true,"showFlares":true,"showImageEffects":true,"showParticleSystems":true},"in2DMode":false,"pivot":{"x":-0.832155704498291,"y":-0.61181640625,"z":-6.478512287139893},"rotation":{"x":-0.1729009747505188,"y":0.6949856877326965,"z":-0.1780574917793274,"w":-0.6748491525650024},"size":9.545741081237793,"orthographic":false}