{"cameraMode":{"drawMode":0,"name":"Shaded","section":"Shading Mode"},"sceneLighting":true,"audioPlay":false,"sceneViewState":{"showFog":true,"showMaterialUpdate":false,"showSkybox":true,"showFlares":true,"showImageEffects":true,"showParticleSystems":true},"in2DMode":false,"pivot":{"x":1.7802538871765137,"y":3.48018217086792,"z":-4.932455062866211},"rotation":{"x":0.16216404736042024,"y":-0.013320881873369217,"z":0.0021893286611884834,"w":0.9866726398468018},"size":11.372855186462403,"orthographic":false}