{"cameraMode":{"drawMode":0,"name":"Shaded","section":"Shading Mode"},"sceneLighting":false,"audioPlay":false,"sceneViewState":{"showFog":true,"showMaterialUpdate":false,"showSkybox":false,"showFlares":true,"showImageEffects":true,"showParticleSystems":true},"in2DMode":false,"pivot":{"x":0.6336371898651123,"y":0.7780414819717407,"z":-1.311710000038147},"rotation":{"x":0.015933046117424966,"y":0.9737191796302795,"z":-0.21550403535366059,"w":0.0719919502735138},"size":8.734970092773438,"orthographic":false}