{"cameraMode":{"drawMode":0,"name":"Shaded","section":"Shading Mode"},"sceneLighting":true,"audioPlay":false,"sceneViewState":{"showFog":true,"showMaterialUpdate":false,"showSkybox":true,"showFlares":true,"showImageEffects":true,"showParticleSystems":true},"in2DMode":false,"pivot":{"x":-31.290897369384767,"y":2.1500000953674318,"z":-5.166539192199707},"rotation":{"x":-0.47231975197792055,"y":-0.28502336144447329,"z":0.16463612020015717,"w":-0.8176808953285217},"size":8.777410507202149,"orthographic":false}