{"cameraMode":{"drawMode":0,"name":"Shaded","section":"Shading Mode"},"sceneLighting":false,"audioPlay":false,"sceneViewState":{"showFog":true,"showMaterialUpdate":false,"showSkybox":false,"showFlares":true,"showImageEffects":true,"showParticleSystems":true},"in2DMode":false,"pivot":{"x":-1.3692522048950196,"y":0.6688971519470215,"z":0.3610208332538605},"rotation":{"x":-0.18545886874198914,"y":0.6567850112915039,"z":-0.1714235097169876,"w":-0.7105492353439331},"size":13.290800094604493,"orthographic":false}